01.01.2012 22:00:00.000,1.29368,1.29368,1.29355,1.29355,11.25
01.01.2012 22:05:00.000,1.29381,1.29381,1.29335,1.29345,137.77
01.01.2012 22:10:00.000,1.29358,1.29392,1.2935,1.29362,18.15
01.01.2012 22:15:00.000,1.29375,1.29412,1.29375,1.29407,15.59
01.01.2012 22:20:00.000,1.29409,1.29441,1.29404,1.29437,60
01.01.2012 22:25:00.000,1.29417,1.29419,1.29413,1.29413,6.16
01.01.2012 22:30:00.000,1.2943,1.29432,1.29366,1.29368,55.54
01.01.2012 22:35:00.000,1.29369,1.29421,1.29363,1.29409,66.93
01.01.2012 22:40:00.000,1.29409,1.29435,1.29409,1.29435,78.78
01.01.2012 22:45:00.000,1.29439,1.29458,1.29431,1.2944,39.95
01.01.2012 22:50:00.000,1.29436,1.2944,1.29403,1.29426,16.43
01.01.2012 22:55:00.000,1.29422,1.29432,1.29422,1.29431,33.75
01.01.2012 23:00:00.000,1.2944,1.29449,1.29426,1.29441,87.75
01.01.2012 23:05:00.000,1.29442,1.29475,1.29442,1.29471,73.18
01.01.2012 23:10:00.000,1.29458,1.29471,1.29455,1.29463,55.37
01.01.2012 23:15:00.000,1.29464,1.29519,1.29456,1.29514,170.45
01.01.2012 23:20:00.000,1.29513,1.29513,1.295,1.29509,134.86
01.01.2012 23:25:00.000,1.29509,1.29512,1.29478,1.29478,160.77
01.01.2012 23:30:00.000,1.29489,1.29489,1.29445,1.29486,148.96
01.01.2012 23:35:00.000,1.2948,1.29492,1.29466,1.29471,96.48
01.01.2012 23:40:00.000,1.29469,1.29473,1.29409,1.29418,120.09
01.01.2012 23:45:00.000,1.29416,1.29428,1.2939,1.2939,133.16
01.01.2012 23:50:00.000,1.29397,1.29414,1.29384,1.29414,46.14
01.01.2012 23:55:00.000,1.29415,1.29445,1.294,1.29445,76.64
02.01.2012 00:00:00.000,1.29445,1.29449,1.29428,1.2944,66.02
02.01.2012 00:05:00.000,1.2944,1.29452,1.29431,1.29446,92.01
02.01.2012 00:10:00.000,1.29447,1.29452,1.2943,1.29448,94.31
02.01.2012 00:15:00.000,1.29443,1.29478,1.2942,1.2945,69.41
02.01.2012 00:20:00.000,1.29447,1.29466,1.29407,1.29408,46.92
02.01.2012 00:25:00.000,1.2941,1.29425,1.2941,1.29425,11.3
02.01.2012 00:30:00.000,1.29427,1.29435,1.29424,1.29434,13.14
02.01.2012 00:35:00.000,1.29462,1.29462,1.29393,1.29404,133.13
02.01.2012 00:40:00.000,1.29405,1.2944,1.29398,1.29424,145.47
02.01.2012 00:45:00.000,1.29416,1.29475,1.29416,1.29459,108.27
02.01.2012 00:50:00.000,1.29459,1.29468,1.29458,1.29468,64.27
02.01.2012 00:55:00.000,1.29471,1.29477,1.29443,1.29444,58.62
02.01.2012 01:00:00.000,1.2945,1.2945,1.29426,1.29428,36.12
02.01.2012 01:05:00.000,1.29426,1.29446,1.29398,1.29425,100.8
02.01.2012 01:10:00.000,1.29416,1.29442,1.29407,1.29424,182.72
02.01.2012 01:15:00.000,1.29422,1.2944,1.29417,1.29431,139.59
02.01.2012 01:20:00.000,1.2943,1.2943,1.29426,1.29427,21.42
02.01.2012 01:25:00.000,1.29426,1.29433,1.29417,1.29428,30.88
02.01.2012 01:30:00.000,1.29429,1.29438,1.29427,1.29428,37.71
02.01.2012 01:35:00.000,1.29428,1.29434,1.29403,1.29415,165.22
02.01.2012 01:40:00.000,1.29416,1.29434,1.29408,1.29434,126.87
02.01.2012 01:45:00.000,1.29433,1.29435,1.29426,1.2943,67.7
02.01.2012 01:50:00.000,1.2943,1.29432,1.29415,1.29415,35.17
02.01.2012 01:55:00.000,1.29416,1.29425,1.29381,1.29397,137.88
02.01.2012 02:00:00.000,1.29396,1.29397,1.29369,1.29375,130.39
02.01.2012 02:05:00.000,1.29376,1.29386,1.29361,1.2937,55.16
02.01.2012 02:10:00.000,1.2937,1.29385,1.2937,1.29373,43.53
02.01.2012 02:15:00.000,1.29372,1.29372,1.29349,1.29358,107.96
02.01.2012 02:20:00.000,1.29357,1.2937,1.29357,1.2937,21.84
02.01.2012 02:25:00.000,1.2937,1.2937,1.29363,1.29368,125.03
02.01.2012 02:30:00.000,1.29368,1.29368,1.29343,1.29352,582.17
02.01.2012 02:35:00.000,1.29353,1.29366,1.29353,1.29365,94.69
02.01.2012 02:40:00.000,1.29365,1.29375,1.29355,1.29374,52.59
02.01.2012 02:45:00.000,1.29375,1.29376,1.29359,1.29372,26.23
02.01.2012 02:50:00.000,1.29371,1.29375,1.29288,1.29314,143.59
02.01.2012 02:55:00.000,1.29314,1.29333,1.29302,1.29316,129.01
02.01.2012 03:00:00.000,1.29319,1.29336,1.29311,1.29335,38.64
02.01.2012 03:05:00.000,1.29336,1.29355,1.29331,1.29354,49.16
02.01.2012 03:10:00.000,1.29354,1.29369,1.29354,1.29359,31.91
02.01.2012 03:15:00.000,1.29359,1.29365,1.29331,1.29355,85.91
02.01.2012 03:20:00.000,1.29317,1.2937,1.29317,1.2937,11.25
02.01.2012 03:25:00.000,1.29368,1.29419,1.29346,1.2937,153.59
02.01.2012 03:30:00.000,1.29374,1.29382,1.29298,1.29299,184.82
02.01.2012 03:35:00.000,1.293,1.29345,1.29268,1.29269,330.78
02.01.2012 03:40:00.000,1.29275,1.29299,1.29258,1.29282,226.29
02.01.2012 03:45:00.000,1.29282,1.29294,1.29234,1.2924,118.57
02.01.2012 03:50:00.000,1.29247,1.29296,1.29247,1.29259,90.57
02.01.2012 03:55:00.000,1.29277,1.29325,1.29259,1.29259,234.88
02.01.2012 04:00:00.000,1.29259,1.29281,1.29216,1.29222,363.93
02.01.2012 04:05:00.000,1.2922,1.29221,1.29217,1.29219,20.97
02.01.2012 04:10:00.000,1.29219,1.29245,1.29214,1.29244,70.22
02.01.2012 04:15:00.000,1.29244,1.29271,1.29236,1.29264,162.22
02.01.2012 04:20:00.000,1.2927,1.2927,1.29234,1.29234,16.68
02.01.2012 04:25:00.000,1.29232,1.29283,1.29228,1.29281,49.62
02.01.2012 04:30:00.000,1.29273,1.2929,1.29237,1.29238,87.57
02.01.2012 04:35:00.000,1.29237,1.29263,1.29237,1.29251,47.7
02.01.2012 04:40:00.000,1.29254,1.29274,1.29235,1.29247,167.17
02.01.2012 04:45:00.000,1.29248,1.2926,1.29238,1.29253,53.6
02.01.2012 04:50:00.000,1.29252,1.29258,1.29218,1.29226,108.76
02.01.2012 04:55:00.000,1.29229,1.29229,1.29204,1.29219,1123.15
02.01.2012 05:00:00.000,1.29219,1.29248,1.29214,1.29248,66.68
02.01.2012 05:05:00.000,1.2925,1.29275,1.2924,1.29255,94.82
02.01.2012 05:10:00.000,1.29255,1.29259,1.29241,1.2925,37.44
02.01.2012 05:15:00.000,1.29246,1.2926,1.29246,1.29258,45.04
02.01.2012 05:20:00.000,1.29255,1.29294,1.29254,1.29278,111.65
02.01.2012 05:25:00.000,1.29278,1.29337,1.29278,1.29337,141.24
02.01.2012 05:30:00.000,1.29337,1.29339,1.29296,1.29303,90.5
02.01.2012 05:35:00.000,1.29304,1.29307,1.29296,1.29299,48.49
02.01.2012 05:40:00.000,1.29292,1.29317,1.29292,1.29303,75.64
02.01.2012 05:45:00.000,1.29304,1.29304,1.29301,1.29301,40.51
02.01.2012 05:50:00.000,1.29302,1.29304,1.29269,1.29289,661.12
02.01.2012 05:55:00.000,1.2929,1.29295,1.29281,1.29295,236.4
02.01.2012 06:00:00.000,1.29298,1.29302,1.29286,1.29292,236.68
02.01.2012 06:05:00.000,1.29292,1.29294,1.2926,1.2927,272.92
02.01.2012 06:10:00.000,1.29277,1.29291,1.29272,1.29291,279.66
02.01.2012 06:15:00.000,1.29291,1.29292,1.29291,1.29292,25.61
02.01.2012 06:20:00.000,1.29292,1.29293,1.29291,1.29293,32.75
02.01.2012 06:25:00.000,1.29295,1.29302,1.29271,1.29296,188.03
02.01.2012 06:30:00.000,1.29299,1.29314,1.29278,1.29308,104.28
02.01.2012 06:35:00.000,1.293,1.29318,1.293,1.29312,42.75
02.01.2012 06:40:00.000,1.2931,1.29313,1.29303,1.29312,36.68
02.01.2012 06:45:00.000,1.2931,1.29319,1.29303,1.29318,108.55
02.01.2012 06:50:00.000,1.29318,1.2933,1.29283,1.29294,682.93
02.01.2012 06:55:00.000,1.29291,1.29404,1.29291,1.29336,348.99
02.01.2012 07:00:00.000,1.29337,1.29363,1.2931,1.29341,306.19
02.01.2012 07:05:00.000,1.29342,1.29428,1.29337,1.29417,304.15
02.01.2012 07:10:00.000,1.29416,1.29451,1.29408,1.29415,341.78
02.01.2012 07:15:00.000,1.29415,1.29426,1.29404,1.29418,196.89
02.01.2012 07:20:00.000,1.29417,1.29427,1.29403,1.29409,183.87
02.01.2012 07:25:00.000,1.29409,1.2944,1.29387,1.2944,139.63
02.01.2012 07:30:00.000,1.29441,1.29447,1.2941,1.2941,117.96
02.01.2012 07:35:00.000,1.2941,1.29441,1.29396,1.2942,308.11
02.01.2012 07:40:00.000,1.29421,1.29438,1.29408,1.29408,105.13
02.01.2012 07:45:00.000,1.29407,1.29422,1.29392,1.29416,114.24
02.01.2012 07:50:00.000,1.29418,1.29439,1.29417,1.29418,189.11
02.01.2012 07:55:00.000,1.29417,1.29424,1.29384,1.29384,150.73
02.01.2012 08:00:00.000,1.29384,1.29483,1.29376,1.29456,375.39
02.01.2012 08:05:00.000,1.29456,1.29486,1.29449,1.29485,312.62
02.01.2012 08:10:00.000,1.29485,1.29504,1.29452,1.29461,246.1
02.01.2012 08:15:00.000,1.29461,1.29527,1.29454,1.29502,311.61
02.01.2012 08:20:00.000,1.29504,1.29521,1.29461,1.29489,295.29
02.01.2012 08:25:00.000,1.29492,1.29533,1.29475,1.29505,298.49
02.01.2012 08:30:00.000,1.29503,1.29513,1.29481,1.29508,150.47
02.01.2012 08:35:00.000,1.29509,1.29509,1.29448,1.29448,292.71
02.01.2012 08:40:00.000,1.29452,1.29459,1.29403,1.29459,272.04
02.01.2012 08:45:00.000,1.29459,1.2948,1.29434,1.2947,502.36
02.01.2012 08:50:00.000,1.29477,1.29477,1.29441,1.29462,553.37
02.01.2012 08:55:00.000,1.29461,1.29464,1.29403,1.29403,306.06
02.01.2012 09:00:00.000,1.29401,1.29639,1.29389,1.29536,1058.38
02.01.2012 09:05:00.000,1.29536,1.29547,1.29466,1.29517,545.61
02.01.2012 09:10:00.000,1.29516,1.29519,1.2948,1.29509,521.4
02.01.2012 09:15:00.000,1.29509,1.29536,1.29496,1.29514,289.83
02.01.2012 09:20:00.000,1.29514,1.29518,1.29475,1.29502,637.92
02.01.2012 09:25:00.000,1.29503,1.29593,1.29503,1.29574,558.88
02.01.2012 09:30:00.000,1.29575,1.29575,1.2949,1.29495,388.25
02.01.2012 09:35:00.000,1.29495,1.2957,1.29484,1.29559,452.96
02.01.2012 09:40:00.000,1.29559,1.29563,1.29533,1.29547,179.46
02.01.2012 09:45:00.000,1.29547,1.29603,1.29547,1.29579,544.18
02.01.2012 09:50:00.000,1.29579,1.29579,1.29557,1.29563,326.25
02.01.2012 09:55:00.000,1.29563,1.29566,1.2955,1.29555,338.22
02.01.2012 10:00:00.000,1.29555,1.29566,1.2955,1.29564,211.91
02.01.2012 10:05:00.000,1.29564,1.29612,1.29556,1.29582,368.25
02.01.2012 10:10:00.000,1.29582,1.29586,1.29548,1.29579,410.1
02.01.2012 10:15:00.000,1.29578,1.29578,1.29535,1.2954,246.05
02.01.2012 10:20:00.000,1.2954,1.29542,1.29484,1.29488,461.06
02.01.2012 10:25:00.000,1.29489,1.29518,1.2948,1.29499,324.57
02.01.2012 10:30:00.000,1.29499,1.29499,1.29442,1.29481,507
02.01.2012 10:35:00.000,1.29486,1.29486,1.29433,1.29465,414.74
02.01.2012 10:40:00.000,1.29465,1.29465,1.29379,1.29393,468.61
02.01.2012 10:45:00.000,1.29393,1.29437,1.29386,1.29431,497.69
02.01.2012 10:50:00.000,1.2943,1.29432,1.2939,1.29392,187.26
02.01.2012 10:55:00.000,1.29392,1.29466,1.29392,1.29459,300.91
02.01.2012 11:00:00.000,1.29461,1.29486,1.29451,1.2946,225.41
02.01.2012 11:05:00.000,1.29461,1.29467,1.29452,1.29455,258.81
02.01.2012 11:10:00.000,1.29455,1.29468,1.29455,1.29459,161.87
02.01.2012 11:15:00.000,1.29459,1.29482,1.29447,1.29465,196.49
02.01.2012 11:20:00.000,1.29465,1.29478,1.29455,1.2946,221.49
02.01.2012 11:25:00.000,1.29459,1.29474,1.29459,1.29468,139.96
02.01.2012 11:30:00.000,1.2947,1.29481,1.29462,1.29472,268.27
02.01.2012 11:35:00.000,1.29472,1.29504,1.29462,1.29498,510.09
02.01.2012 11:40:00.000,1.29498,1.2951,1.29483,1.29487,340.52
02.01.2012 11:45:00.000,1.29489,1.2951,1.29488,1.29498,180
02.01.2012 11:50:00.000,1.29498,1.29502,1.2948,1.29497,143.63
02.01.2012 11:55:00.000,1.29496,1.29513,1.29485,1.29493,218
02.01.2012 12:00:00.000,1.29493,1.29497,1.29463,1.29463,184.13
02.01.2012 12:05:00.000,1.29462,1.29462,1.29438,1.29449,286.84
02.01.2012 12:10:00.000,1.29449,1.2945,1.29422,1.29439,387.28
02.01.2012 12:15:00.000,1.29441,1.29455,1.29434,1.29447,342.62
02.01.2012 12:20:00.000,1.29451,1.29492,1.29449,1.29468,253.51
02.01.2012 12:25:00.000,1.29465,1.29468,1.29434,1.29434,236.36
02.01.2012 12:30:00.000,1.29434,1.2946,1.29426,1.29452,338.85
02.01.2012 12:35:00.000,1.29452,1.29461,1.29415,1.29423,395.59
02.01.2012 12:40:00.000,1.29423,1.29448,1.2941,1.29416,385.85
02.01.2012 12:45:00.000,1.29417,1.29467,1.29394,1.29394,420.67
02.01.2012 12:50:00.000,1.29391,1.29405,1.29351,1.29351,595.82
02.01.2012 12:55:00.000,1.29354,1.29385,1.29318,1.29384,404.61
02.01.2012 13:00:00.000,1.29385,1.29389,1.29357,1.2936,318.96
02.01.2012 13:05:00.000,1.29362,1.29376,1.29342,1.29375,265.15
02.01.2012 13:10:00.000,1.29375,1.29439,1.29342,1.29347,742.46
02.01.2012 13:15:00.000,1.29341,1.29419,1.29341,1.29384,843
02.01.2012 13:20:00.000,1.29384,1.29403,1.29384,1.29394,250.76
02.01.2012 13:25:00.000,1.29394,1.29399,1.29388,1.29389,129.07
02.01.2012 13:30:00.000,1.29389,1.29399,1.29381,1.29395,243.73
02.01.2012 13:35:00.000,1.29398,1.29402,1.29355,1.29355,174.97
02.01.2012 13:40:00.000,1.29356,1.29367,1.293,1.29306,399.12
02.01.2012 13:45:00.000,1.29306,1.29311,1.2924,1.29253,513.15
02.01.2012 13:50:00.000,1.29253,1.29261,1.29231,1.29245,365.32
02.01.2012 13:55:00.000,1.29244,1.29275,1.2924,1.29271,265.2
02.01.2012 14:00:00.000,1.29268,1.2932,1.29265,1.29307,281.49
02.01.2012 14:05:00.000,1.29308,1.29312,1.29303,1.29308,198.46
02.01.2012 14:10:00.000,1.29308,1.29328,1.29305,1.29322,457.09
02.01.2012 14:15:00.000,1.29324,1.29337,1.29315,1.29315,341.19
02.01.2012 14:20:00.000,1.29312,1.29317,1.29283,1.29288,280.81
02.01.2012 14:25:00.000,1.29289,1.29325,1.29289,1.29325,339.21
02.01.2012 14:30:00.000,1.29325,1.29335,1.29312,1.29319,129.67
02.01.2012 14:35:00.000,1.29318,1.29336,1.29306,1.29307,268.15
02.01.2012 14:40:00.000,1.29307,1.29362,1.29307,1.29349,286.55
02.01.2012 14:45:00.000,1.29348,1.29369,1.29328,1.29337,443.87
02.01.2012 14:50:00.000,1.29338,1.29357,1.29336,1.29336,131.42
02.01.2012 14:55:00.000,1.29335,1.29348,1.29324,1.29325,389.03
02.01.2012 15:00:00.000,1.29325,1.2934,1.29323,1.29323,154.08
02.01.2012 15:05:00.000,1.29327,1.29358,1.29325,1.29356,175.36
02.01.2012 15:10:00.000,1.29355,1.29383,1.29343,1.29367,147.53
02.01.2012 15:15:00.000,1.29367,1.29409,1.29367,1.29371,296.35
02.01.2012 15:20:00.000,1.29371,1.29378,1.29357,1.29361,99.99
02.01.2012 15:25:00.000,1.29361,1.29361,1.2925,1.29264,338.77
02.01.2012 15:30:00.000,1.29263,1.29272,1.29173,1.29197,396
02.01.2012 15:35:00.000,1.29197,1.29287,1.29197,1.29269,421.5
02.01.2012 15:40:00.000,1.29269,1.29278,1.2925,1.29263,200.87
02.01.2012 15:45:00.000,1.29263,1.29263,1.29235,1.29238,262.61
02.01.2012 15:50:00.000,1.29238,1.2927,1.29229,1.29232,342.98
02.01.2012 15:55:00.000,1.29232,1.29235,1.29205,1.29208,345.53
02.01.2012 16:00:00.000,1.29208,1.29241,1.29207,1.29235,284
02.01.2012 16:05:00.000,1.29235,1.29258,1.29225,1.29258,167.57
02.01.2012 16:10:00.000,1.29259,1.2926,1.29243,1.29243,114.46
02.01.2012 16:15:00.000,1.29243,1.29245,1.29219,1.29226,112.73
02.01.2012 16:20:00.000,1.29226,1.2923,1.29216,1.2923,191.24
02.01.2012 16:25:00.000,1.2923,1.29257,1.29229,1.29256,146.74
02.01.2012 16:30:00.000,1.29255,1.2927,1.29246,1.29249,158.67
02.01.2012 16:35:00.000,1.29246,1.29253,1.29236,1.29236,97.86
02.01.2012 16:40:00.000,1.2924,1.29248,1.29234,1.29234,199.5
02.01.2012 16:45:00.000,1.29234,1.29235,1.29225,1.29225,109.4
02.01.2012 16:50:00.000,1.29225,1.29236,1.29225,1.2923,107.57
02.01.2012 16:55:00.000,1.29227,1.29232,1.29199,1.29199,108.18
02.01.2012 17:00:00.000,1.29199,1.29208,1.29194,1.29207,207.93
02.01.2012 17:05:00.000,1.29208,1.2924,1.29208,1.29233,213.35
02.01.2012 17:10:00.000,1.29233,1.29234,1.29209,1.29209,150.41
02.01.2012 17:15:00.000,1.29208,1.29225,1.29197,1.29214,225.8
02.01.2012 17:20:00.000,1.29213,1.29214,1.29208,1.29211,68.09
02.01.2012 17:25:00.000,1.29211,1.29215,1.29206,1.29207,81.03
02.01.2012 17:30:00.000,1.29207,1.29207,1.29199,1.29204,47.81
02.01.2012 17:35:00.000,1.29203,1.29215,1.29203,1.29215,131.36
02.01.2012 17:40:00.000,1.29215,1.29233,1.2921,1.29221,114.95
02.01.2012 17:45:00.000,1.29218,1.29224,1.29211,1.29218,102.51
02.01.2012 17:50:00.000,1.29218,1.29235,1.29218,1.29235,122.09
02.01.2012 17:55:00.000,1.29236,1.29264,1.29219,1.29264,175.12
02.01.2012 18:00:00.000,1.2926,1.29286,1.29247,1.29282,238.99
02.01.2012 18:05:00.000,1.29281,1.29281,1.29275,1.29277,46.58
02.01.2012 18:10:00.000,1.29279,1.29279,1.29268,1.29268,228.46
02.01.2012 18:15:00.000,1.29268,1.29277,1.29268,1.29277,115.97
02.01.2012 18:20:00.000,1.29277,1.2928,1.29258,1.29265,288.9
02.01.2012 18:25:00.000,1.29264,1.29274,1.29254,1.29274,214.3
02.01.2012 18:30:00.000,1.29273,1.29283,1.29273,1.29283,71.74
02.01.2012 18:35:00.000,1.29283,1.29287,1.29281,1.29285,202.82
02.01.2012 18:40:00.000,1.29286,1.29311,1.29284,1.29301,210.29
02.01.2012 18:45:00.000,1.29295,1.29308,1.2926,1.2926,254.83
02.01.2012 18:50:00.000,1.29259,1.29268,1.29228,1.29257,360.07
02.01.2012 18:55:00.000,1.29257,1.29273,1.29239,1.29248,323.76
02.01.2012 19:00:00.000,1.29243,1.29276,1.29243,1.29273,108.32
02.01.2012 19:05:00.000,1.29273,1.29277,1.29253,1.29262,87.08
02.01.2012 19:10:00.000,1.29262,1.29264,1.29251,1.29257,175.82
02.01.2012 19:15:00.000,1.29253,1.29267,1.29253,1.29262,39.19
02.01.2012 19:20:00.000,1.29262,1.29292,1.29262,1.29273,128.52
02.01.2012 19:25:00.000,1.29278,1.29295,1.29263,1.29278,232.27
02.01.2012 19:30:00.000,1.29278,1.293,1.29273,1.29282,207.04
02.01.2012 19:35:00.000,1.29283,1.29284,1.29267,1.29273,81.54
02.01.2012 19:40:00.000,1.29273,1.29278,1.29267,1.2927,54.86
02.01.2012 19:45:00.000,1.2927,1.29272,1.29263,1.29263,43.99
02.01.2012 19:50:00.000,1.29263,1.29263,1.29243,1.29257,125.88
02.01.2012 19:55:00.000,1.29255,1.29261,1.29252,1.29259,41.52
02.01.2012 20:00:00.000,1.2926,1.29282,1.29242,1.29255,210.26
02.01.2012 20:05:00.000,1.29251,1.29273,1.29247,1.29247,69.31
02.01.2012 20:10:00.000,1.2925,1.29258,1.29226,1.29226,131.08
02.01.2012 20:15:00.000,1.29226,1.29243,1.29223,1.29238,87.15
02.01.2012 20:20:00.000,1.29235,1.29242,1.29233,1.2924,58.25
02.01.2012 20:25:00.000,1.29239,1.2924,1.29215,1.29221,238.9
02.01.2012 20:30:00.000,1.29221,1.29238,1.29215,1.29238,231.22
02.01.2012 20:35:00.000,1.2923,1.29252,1.2923,1.29244,175.41
02.01.2012 20:40:00.000,1.29245,1.29252,1.29229,1.2925,95.99
02.01.2012 20:45:00.000,1.29251,1.29286,1.29251,1.29274,212.86
02.01.2012 20:50:00.000,1.29271,1.29288,1.29266,1.29272,103.87
02.01.2012 20:55:00.000,1.29274,1.29279,1.29268,1.29272,70.18
02.01.2012 21:00:00.000,1.29268,1.29288,1.2926,1.29273,116.44
02.01.2012 21:05:00.000,1.29274,1.2928,1.2926,1.29273,207.2
02.01.2012 21:10:00.000,1.29272,1.29286,1.2926,1.29285,181.87
02.01.2012 21:15:00.000,1.29285,1.29285,1.2928,1.29281,122.9
02.01.2012 21:20:00.000,1.29281,1.29289,1.2928,1.2928,96.82
02.01.2012 21:25:00.000,1.2928,1.29314,1.2928,1.29312,159.74
02.01.2012 21:30:00.000,1.29312,1.29327,1.29273,1.29282,619.57
02.01.2012 21:35:00.000,1.2928,1.29315,1.29279,1.2931,594.18
02.01.2012 21:40:00.000,1.29311,1.29325,1.29303,1.29325,394.94
02.01.2012 21:45:00.000,1.29325,1.29339,1.29318,1.29335,195.15
02.01.2012 21:50:00.000,1.29335,1.29338,1.29333,1.29338,108.56
02.01.2012 21:55:00.000,1.29329,1.29342,1.29325,1.29335,600.26
02.01.2012 22:00:00.000,1.29335,1.2934,1.29325,1.29333,31.51
02.01.2012 22:05:00.000,1.29333,1.29345,1.29331,1.2934,35.64
02.01.2012 22:10:00.000,1.2934,1.2934,1.29313,1.29313,147.86
02.01.2012 22:15:00.000,1.2931,1.29337,1.2931,1.29335,40.19
02.01.2012 22:20:00.000,1.2933,1.2935,1.2933,1.29344,115.02
02.01.2012 22:25:00.000,1.29342,1.29353,1.29342,1.29345,52.95
02.01.2012 22:30:00.000,1.29342,1.29345,1.29334,1.29337,163.65
02.01.2012 22:35:00.000,1.29342,1.29345,1.29332,1.29335,64.65
02.01.2012 22:40:00.000,1.29335,1.29335,1.29332,1.29332,35.68
02.01.2012 22:45:00.000,1.29332,1.29351,1.29327,1.29351,140.42
02.01.2012 22:50:00.000,1.2935,1.2935,1.29339,1.2935,233.5
02.01.2012 22:55:00.000,1.29351,1.29351,1.29335,1.2934,278.23
02.01.2012 23:00:00.000,1.2934,1.29346,1.29319,1.2933,194.81
02.01.2012 23:05:00.000,1.2933,1.29359,1.2933,1.29359,210.5
02.01.2012 23:10:00.000,1.29359,1.29366,1.29359,1.2936,68.42
02.01.2012 23:15:00.000,1.29365,1.29379,1.29361,1.29365,169.2
02.01.2012 23:20:00.000,1.29369,1.29391,1.29364,1.29376,488.23
02.01.2012 23:25:00.000,1.29376,1.29389,1.29359,1.29381,346.01
02.01.2012 23:30:00.000,1.29381,1.29391,1.2937,1.2937,241.64
02.01.2012 23:35:00.000,1.2937,1.29384,1.2937,1.29371,367.57
02.01.2012 23:40:00.000,1.29371,1.29374,1.29368,1.29371,223.79
02.01.2012 23:45:00.000,1.29371,1.29389,1.29359,1.29366,335.41
02.01.2012 23:50:00.000,1.29367,1.29382,1.29361,1.29381,200.65
02.01.2012 23:55:00.000,1.29382,1.29392,1.29353,1.29364,334.94
03.01.2012 00:00:00.000,1.29364,1.29384,1.29352,1.29376,408.34
03.01.2012 00:05:00.000,1.29375,1.29382,1.29369,1.29382,389.32
03.01.2012 00:10:00.000,1.29385,1.29449,1.29372,1.29446,739.7
03.01.2012 00:15:00.000,1.29446,1.29455,1.29442,1.29448,474.8
03.01.2012 00:20:00.000,1.29448,1.29502,1.29428,1.29488,699.97
03.01.2012 00:25:00.000,1.29487,1.29513,1.29466,1.29504,549.6
03.01.2012 00:30:00.000,1.29501,1.29556,1.29501,1.29554,709.76
03.01.2012 00:35:00.000,1.29552,1.29584,1.2955,1.29576,451.36
03.01.2012 00:40:00.000,1.29576,1.29586,1.29527,1.29528,499.97
03.01.2012 00:45:00.000,1.29528,1.29563,1.29515,1.29527,546.35
03.01.2012 00:50:00.000,1.29525,1.29528,1.29499,1.29517,427.82
03.01.2012 00:55:00.000,1.29517,1.29534,1.29515,1.29523,438.96
03.01.2012 01:00:00.000,1.29523,1.2953,1.29515,1.29521,415.02
03.01.2012 01:05:00.000,1.29521,1.29552,1.29515,1.2955,697.64
03.01.2012 01:10:00.000,1.29547,1.296,1.29544,1.29577,618.66
03.01.2012 01:15:00.000,1.29576,1.29653,1.29576,1.2962,601.86
03.01.2012 01:20:00.000,1.29618,1.2963,1.29603,1.29617,630.81
03.01.2012 01:25:00.000,1.29617,1.29642,1.29603,1.29636,382.65
03.01.2012 01:30:00.000,1.29637,1.29666,1.29637,1.29659,476.18
03.01.2012 01:35:00.000,1.29659,1.29705,1.29655,1.29702,478.17
03.01.2012 01:40:00.000,1.29699,1.29721,1.29689,1.29698,490.14
03.01.2012 01:45:00.000,1.29698,1.29704,1.29686,1.29695,408.73
03.01.2012 01:50:00.000,1.29694,1.29717,1.29682,1.2971,469.46
03.01.2012 01:55:00.000,1.2971,1.29721,1.29686,1.29716,611.8
03.01.2012 02:00:00.000,1.29716,1.29736,1.29715,1.29715,544.97
03.01.2012 02:05:00.000,1.29715,1.29889,1.29715,1.29871,1164.05
03.01.2012 02:10:00.000,1.29871,1.29872,1.2983,1.2984,647.34
03.01.2012 02:15:00.000,1.2984,1.29857,1.29837,1.2985,296.04
03.01.2012 02:20:00.000,1.29849,1.29849,1.29772,1.29803,692.46
03.01.2012 02:25:00.000,1.29803,1.29813,1.29755,1.2978,609.5
03.01.2012 02:30:00.000,1.29782,1.29783,1.29771,1.29782,196.01
03.01.2012 02:35:00.000,1.29781,1.29797,1.2978,1.29797,152.42
03.01.2012 02:40:00.000,1.298,1.29832,1.29781,1.29828,324.96
03.01.2012 02:45:00.000,1.29828,1.29836,1.29788,1.29793,411.67
03.01.2012 02:50:00.000,1.29793,1.29801,1.29792,1.29795,381.08
03.01.2012 02:55:00.000,1.29795,1.29796,1.29776,1.29782,460.77
03.01.2012 03:00:00.000,1.29782,1.29811,1.29778,1.29798,290.59
03.01.2012 03:05:00.000,1.29796,1.29801,1.29762,1.29777,408.78
03.01.2012 03:10:00.000,1.29777,1.29779,1.2977,1.29774,408.02
03.01.2012 03:15:00.000,1.29771,1.29775,1.2976,1.29771,325.68
03.01.2012 03:20:00.000,1.2977,1.2977,1.29747,1.29764,209.03
03.01.2012 03:25:00.000,1.29764,1.29766,1.29737,1.29754,207.04
03.01.2012 03:30:00.000,1.29754,1.29789,1.29753,1.29787,439.49
03.01.2012 03:35:00.000,1.29787,1.29789,1.29766,1.29787,256.55
03.01.2012 03:40:00.000,1.29787,1.29788,1.29757,1.29762,431.33
03.01.2012 03:45:00.000,1.29762,1.29773,1.29762,1.29771,127.2
03.01.2012 03:50:00.000,1.29771,1.29771,1.29738,1.29738,215.68
03.01.2012 03:55:00.000,1.29739,1.29741,1.2972,1.29723,198.97
03.01.2012 04:00:00.000,1.29723,1.29736,1.29718,1.29732,350.22
03.01.2012 04:05:00.000,1.29734,1.29748,1.29729,1.29746,146.12
03.01.2012 04:10:00.000,1.29742,1.29759,1.2973,1.29757,551.48
03.01.2012 04:15:00.000,1.29751,1.29772,1.29747,1.29769,232.27
03.01.2012 04:20:00.000,1.29769,1.29773,1.29753,1.29755,276.52
03.01.2012 04:25:00.000,1.29754,1.29756,1.29739,1.29748,270.55
03.01.2012 04:30:00.000,1.29748,1.29765,1.29744,1.29764,297.54
03.01.2012 04:35:00.000,1.29765,1.29825,1.29765,1.29819,574.98
03.01.2012 04:40:00.000,1.29819,1.2982,1.29771,1.29773,515.01
03.01.2012 04:45:00.000,1.29771,1.29776,1.29763,1.29776,248.59
03.01.2012 04:50:00.000,1.29773,1.29784,1.29771,1.29783,237.41
03.01.2012 04:55:00.000,1.29782,1.2979,1.29773,1.2979,376.54
03.01.2012 05:00:00.000,1.2979,1.29812,1.2979,1.29797,614.89
03.01.2012 05:05:00.000,1.29794,1.2983,1.29794,1.29828,711.7
03.01.2012 05:10:00.000,1.29829,1.29838,1.29818,1.29837,549.16
03.01.2012 05:15:00.000,1.29837,1.29862,1.29809,1.29827,841.66
03.01.2012 05:20:00.000,1.29826,1.29841,1.29818,1.29836,459.08
03.01.2012 05:25:00.000,1.29836,1.2984,1.29816,1.29818,591
03.01.2012 05:30:00.000,1.29818,1.29852,1.29794,1.29837,836.82
03.01.2012 05:35:00.000,1.29838,1.29866,1.29784,1.29798,696.19
03.01.2012 05:40:00.000,1.29798,1.29801,1.29745,1.29751,479.03
03.01.2012 05:45:00.000,1.29751,1.29802,1.29741,1.29776,870.03
03.01.2012 05:50:00.000,1.29775,1.29781,1.29744,1.29744,542.54
03.01.2012 05:55:00.000,1.29739,1.29772,1.29734,1.2977,542.03
03.01.2012 06:00:00.000,1.29769,1.29808,1.29769,1.29793,557.28
03.01.2012 06:05:00.000,1.29793,1.29815,1.29785,1.29814,526.59
03.01.2012 06:10:00.000,1.29814,1.29816,1.29789,1.29799,528.53
03.01.2012 06:15:00.000,1.29796,1.29804,1.29776,1.29779,646.32
03.01.2012 06:20:00.000,1.29779,1.29798,1.29775,1.29797,607.46
03.01.2012 06:25:00.000,1.29797,1.29856,1.29791,1.29851,480.11
03.01.2012 06:30:00.000,1.29846,1.29876,1.29842,1.29875,757.85
03.01.2012 06:35:00.000,1.29878,1.29878,1.29847,1.29864,780.37
03.01.2012 06:40:00.000,1.29864,1.29935,1.29862,1.29918,1052.63
03.01.2012 06:45:00.000,1.29919,1.29924,1.29845,1.29857,1067.26
03.01.2012 06:50:00.000,1.29857,1.29908,1.29857,1.29874,510.33
03.01.2012 06:55:00.000,1.29874,1.29876,1.29815,1.29819,847.58
03.01.2012 07:00:00.000,1.29817,1.29897,1.29817,1.29884,821.55
03.01.2012 07:05:00.000,1.29884,1.29897,1.2987,1.29896,722.85
03.01.2012 07:10:00.000,1.29896,1.30008,1.29893,1.29989,1105.22
03.01.2012 07:15:00.000,1.29983,1.29999,1.29944,1.29986,1302.97
03.01.2012 07:20:00.000,1.29983,1.30076,1.29983,1.30025,1445.63
03.01.2012 07:25:00.000,1.30025,1.30037,1.29946,1.29983,1254.75
03.01.2012 07:30:00.000,1.29982,1.29987,1.29911,1.29962,1202.99
03.01.2012 07:35:00.000,1.29962,1.30004,1.29939,1.2999,1353.64
03.01.2012 07:40:00.000,1.29991,1.30047,1.29959,1.30015,1392.73
03.01.2012 07:45:00.000,1.30017,1.30062,1.29948,1.29964,1295.48
03.01.2012 07:50:00.000,1.29964,1.30022,1.29928,1.29931,1185.98
03.01.2012 07:55:00.000,1.29931,1.29949,1.29834,1.29876,1643.79
03.01.2012 08:00:00.000,1.29876,1.2989,1.2981,1.29888,1413.48
03.01.2012 08:05:00.000,1.29888,1.29911,1.29838,1.29865,1218.29
03.01.2012 08:10:00.000,1.29865,1.29929,1.29836,1.29903,1437.75
03.01.2012 08:15:00.000,1.29905,1.29956,1.29903,1.29912,1075.98
03.01.2012 08:20:00.000,1.29912,1.29913,1.29821,1.29836,1291.73
03.01.2012 08:25:00.000,1.29836,1.29852,1.2975,1.29832,1595.38
03.01.2012 08:30:00.000,1.29833,1.29881,1.29824,1.29831,1118.19
03.01.2012 08:35:00.000,1.2983,1.29839,1.2974,1.29765,1332.09
03.01.2012 08:40:00.000,1.29766,1.29786,1.29752,1.29768,1032.27
03.01.2012 08:45:00.000,1.29765,1.29876,1.29765,1.2986,1277.87
03.01.2012 08:50:00.000,1.29861,1.29864,1.2983,1.29836,928.82
03.01.2012 08:55:00.000,1.29836,1.29856,1.29791,1.29848,1248.21
03.01.2012 09:00:00.000,1.29848,1.29879,1.29809,1.29854,1228.4
03.01.2012 09:05:00.000,1.29851,1.29872,1.29831,1.29863,1074.95
03.01.2012 09:10:00.000,1.29863,1.29909,1.29827,1.29886,1460.25
03.01.2012 09:15:00.000,1.29883,1.29959,1.29871,1.29902,1392.19
03.01.2012 09:20:00.000,1.299,1.29932,1.29866,1.29914,971.28
03.01.2012 09:25:00.000,1.29914,1.29923,1.29845,1.29868,1131.32
03.01.2012 09:30:00.000,1.29869,1.29957,1.29868,1.29957,852.52
03.01.2012 09:35:00.000,1.29958,1.30047,1.29958,1.30036,1702.45
03.01.2012 09:40:00.000,1.30036,1.30059,1.3,1.30042,1371.76
03.01.2012 09:45:00.000,1.30041,1.30051,1.29976,1.29994,1235.55
03.01.2012 09:50:00.000,1.29993,1.30169,1.29987,1.30134,1560.21
03.01.2012 09:55:00.000,1.30137,1.30161,1.30086,1.3009,1483.34
03.01.2012 10:00:00.000,1.30089,1.30299,1.30087,1.30268,1707.95
03.01.2012 10:05:00.000,1.30268,1.30348,1.3024,1.30348,1452.86
03.01.2012 10:10:00.000,1.30345,1.30407,1.3033,1.30358,1660.95
03.01.2012 10:15:00.000,1.30356,1.3038,1.30293,1.30311,1071.55
03.01.2012 10:20:00.000,1.3031,1.3031,1.30192,1.30192,1438.49
03.01.2012 10:25:00.000,1.3019,1.30265,1.3019,1.30245,1188.45
03.01.2012 10:30:00.000,1.30245,1.30247,1.30172,1.30191,1346.2
03.01.2012 10:35:00.000,1.3019,1.30282,1.30179,1.30282,1230.36
03.01.2012 10:40:00.000,1.30279,1.30323,1.30237,1.3032,1202.54
03.01.2012 10:45:00.000,1.3032,1.30352,1.30279,1.30282,1445.81
03.01.2012 10:50:00.000,1.30281,1.30291,1.30232,1.30277,1472.63
03.01.2012 10:55:00.000,1.30274,1.30423,1.30246,1.30351,1697.59
03.01.2012 11:00:00.000,1.3035,1.30428,1.3035,1.30425,1794.89
03.01.2012 11:05:00.000,1.30425,1.30431,1.3031,1.30356,1631.12
03.01.2012 11:10:00.000,1.30355,1.30453,1.3035,1.3043,1535.17
03.01.2012 11:15:00.000,1.3043,1.30433,1.30334,1.30342,1304.35
03.01.2012 11:20:00.000,1.30341,1.3044,1.30339,1.30428,1291.32
03.01.2012 11:25:00.000,1.30428,1.30562,1.3042,1.30555,1448.39
03.01.2012 11:30:00.000,1.30555,1.30589,1.30507,1.30574,1417.28
03.01.2012 11:35:00.000,1.30574,1.30574,1.30456,1.30466,1232.67
03.01.2012 11:40:00.000,1.30466,1.30474,1.30414,1.30426,1200.8
03.01.2012 11:45:00.000,1.30426,1.30442,1.30395,1.30415,1134.57
03.01.2012 11:50:00.000,1.30415,1.30464,1.30399,1.30464,1152.44
03.01.2012 11:55:00.000,1.30464,1.30501,1.30453,1.30454,1295.15
03.01.2012 12:00:00.000,1.30454,1.3047,1.30418,1.30449,1175.8
03.01.2012 12:05:00.000,1.30449,1.30471,1.30403,1.30418,1390.65
03.01.2012 12:10:00.000,1.30418,1.30434,1.30348,1.30384,1344.75
03.01.2012 12:15:00.000,1.30384,1.30393,1.30299,1.30326,1296.27
03.01.2012 12:20:00.000,1.30326,1.30366,1.30304,1.30358,1042.47
03.01.2012 12:25:00.000,1.30358,1.30378,1.30316,1.3033,1121.75
03.01.2012 12:30:00.000,1.30329,1.30348,1.30297,1.30329,1295.24
03.01.2012 12:35:00.000,1.30329,1.30335,1.30267,1.30281,1309.29
03.01.2012 12:40:00.000,1.3028,1.30303,1.3025,1.30291,1241.46
03.01.2012 12:45:00.000,1.3029,1.30321,1.30261,1.30303,1116.45
03.01.2012 12:50:00.000,1.30302,1.30309,1.30217,1.30226,1322.57
03.01.2012 12:55:00.000,1.30224,1.30245,1.30195,1.30225,1198.75
03.01.2012 13:00:00.000,1.30225,1.30239,1.30195,1.30218,1186.75
03.01.2012 13:05:00.000,1.30218,1.30218,1.30151,1.30166,1434.81
03.01.2012 13:10:00.000,1.30165,1.30166,1.30116,1.30134,1501.77
03.01.2012 13:15:00.000,1.30133,1.30216,1.30133,1.30204,1427.3
03.01.2012 13:20:00.000,1.30201,1.30227,1.30178,1.30223,1165.53
03.01.2012 13:25:00.000,1.30223,1.30244,1.30192,1.30201,1093.93
03.01.2012 13:30:00.000,1.30201,1.30201,1.3017,1.3019,914.7
03.01.2012 13:35:00.000,1.3019,1.3019,1.30135,1.30167,1298.93
03.01.2012 13:40:00.000,1.30168,1.3029,1.30165,1.30273,1455.01
03.01.2012 13:45:00.000,1.30272,1.30304,1.30251,1.30275,1285.97
03.01.2012 13:50:00.000,1.30276,1.30293,1.30246,1.3029,1153.27
03.01.2012 13:55:00.000,1.3029,1.3034,1.30275,1.30323,1166.37
03.01.2012 14:00:00.000,1.3032,1.3036,1.30307,1.30312,1412.76
03.01.2012 14:05:00.000,1.30312,1.30401,1.30311,1.30386,1378.38
03.01.2012 14:10:00.000,1.30385,1.3046,1.30359,1.30443,1199.41
03.01.2012 14:15:00.000,1.30443,1.30445,1.30388,1.30399,1510.88
03.01.2012 14:20:00.000,1.30398,1.30405,1.30368,1.30369,1246.44
03.01.2012 14:25:00.000,1.30368,1.30374,1.30336,1.30342,1104.84
03.01.2012 14:30:00.000,1.30344,1.30352,1.303,1.30303,1498.2
03.01.2012 14:35:00.000,1.30304,1.30336,1.30288,1.30321,1528.58
03.01.2012 14:40:00.000,1.30321,1.30355,1.30302,1.30338,1357.27
03.01.2012 14:45:00.000,1.30338,1.30346,1.30258,1.30281,1478.18
03.01.2012 14:50:00.000,1.30281,1.30311,1.30277,1.30297,1218.59
03.01.2012 14:55:00.000,1.30297,1.30354,1.30289,1.30354,1072.27
03.01.2012 15:00:00.000,1.30355,1.30463,1.3031,1.30433,1904.35
03.01.2012 15:05:00.000,1.30433,1.30508,1.30432,1.30483,1757.82
03.01.2012 15:10:00.000,1.30481,1.30516,1.30439,1.30493,1702.98
03.01.2012 15:15:00.000,1.30493,1.30607,1.30485,1.30552,1787.48
03.01.2012 15:20:00.000,1.30549,1.30673,1.30545,1.30573,1843.94
03.01.2012 15:25:00.000,1.30573,1.30623,1.30512,1.30522,1546.66
03.01.2012 15:30:00.000,1.30521,1.30554,1.30519,1.30534,1370.28
03.01.2012 15:35:00.000,1.30534,1.30584,1.30488,1.30488,1383.01
03.01.2012 15:40:00.000,1.30488,1.30491,1.30446,1.30463,1279.4
03.01.2012 15:45:00.000,1.30463,1.30474,1.30403,1.30444,1399.27
03.01.2012 15:50:00.000,1.30444,1.30492,1.30437,1.30486,1471.83
03.01.2012 15:55:00.000,1.30486,1.30533,1.30465,1.3053,1377.06
03.01.2012 16:00:00.000,1.3053,1.30593,1.30519,1.30586,1700.37
03.01.2012 16:05:00.000,1.30586,1.30642,1.30525,1.30541,1714.1
03.01.2012 16:10:00.000,1.30544,1.3059,1.30514,1.3056,1072.22
03.01.2012 16:15:00.000,1.3056,1.30566,1.30493,1.30504,1437.37
03.01.2012 16:20:00.000,1.30504,1.3055,1.30496,1.30543,1308.22
03.01.2012 16:25:00.000,1.30543,1.30677,1.30536,1.30652,1593.39
03.01.2012 16:30:00.000,1.30652,1.3066,1.30602,1.30602,1120.79
03.01.2012 16:35:00.000,1.30602,1.30643,1.3056,1.30622,1128.87
03.01.2012 16:40:00.000,1.30622,1.30622,1.30558,1.30569,1280.26
03.01.2012 16:45:00.000,1.30565,1.30578,1.3052,1.30539,1067.7
03.01.2012 16:50:00.000,1.3054,1.30573,1.3054,1.30566,1052.73
03.01.2012 16:55:00.000,1.30566,1.30616,1.30566,1.30604,1017.89
03.01.2012 17:00:00.000,1.30602,1.30623,1.30551,1.30572,1072.47
03.01.2012 17:05:00.000,1.30573,1.30604,1.30557,1.30564,926.95
03.01.2012 17:10:00.000,1.30563,1.30565,1.30475,1.30485,1103.74
03.01.2012 17:15:00.000,1.30488,1.30522,1.30487,1.30522,796.46
03.01.2012 17:20:00.000,1.30522,1.30544,1.30519,1.30535,1069.93
03.01.2012 17:25:00.000,1.30535,1.30554,1.30521,1.30554,779.88
03.01.2012 17:30:00.000,1.30554,1.30566,1.30497,1.30497,944.48
03.01.2012 17:35:00.000,1.30496,1.30529,1.30452,1.30465,1118.58
03.01.2012 17:40:00.000,1.30463,1.30503,1.3046,1.30493,763.86
03.01.2012 17:45:00.000,1.30493,1.30532,1.30485,1.30494,829.97
03.01.2012 17:50:00.000,1.30492,1.30535,1.30468,1.30532,1145.33
03.01.2012 17:55:00.000,1.30532,1.30533,1.30466,1.3048,1063.8
03.01.2012 18:00:00.000,1.30482,1.30521,1.30475,1.3052,1009.51
03.01.2012 18:05:00.000,1.30521,1.30574,1.30521,1.30563,998.34
03.01.2012 18:10:00.000,1.3056,1.30584,1.30557,1.30567,708.37
03.01.2012 18:15:00.000,1.30568,1.30583,1.30551,1.30561,710.9
03.01.2012 18:20:00.000,1.30561,1.30572,1.30543,1.30551,772.9
03.01.2012 18:25:00.000,1.30551,1.30584,1.30532,1.30582,798.66
03.01.2012 18:30:00.000,1.30582,1.30584,1.30537,1.30559,1010.82
03.01.2012 18:35:00.000,1.30559,1.306,1.30558,1.30589,934.6
03.01.2012 18:40:00.000,1.30592,1.30682,1.30583,1.30657,1270.63
03.01.2012 18:45:00.000,1.30657,1.30713,1.3064,1.30711,1183.49
03.01.2012 18:50:00.000,1.30713,1.30745,1.30689,1.3073,1411.49
03.01.2012 18:55:00.000,1.3073,1.30758,1.30697,1.30715,1283.4
03.01.2012 19:00:00.000,1.30715,1.30734,1.30676,1.30711,1364.02
03.01.2012 19:05:00.000,1.30711,1.30724,1.30676,1.30717,1165.68
03.01.2012 19:10:00.000,1.30717,1.3072,1.30598,1.30598,1302.59
03.01.2012 19:15:00.000,1.30598,1.30599,1.30545,1.30571,1160.58
03.01.2012 19:20:00.000,1.30572,1.30603,1.30558,1.30601,970.1
03.01.2012 19:25:00.000,1.30604,1.30618,1.30596,1.30618,1106.68
03.01.2012 19:30:00.000,1.3062,1.30621,1.30571,1.30606,961.41
03.01.2012 19:35:00.000,1.30606,1.30642,1.30589,1.30631,1105.02
03.01.2012 19:40:00.000,1.30631,1.3064,1.3061,1.3062,954.75
03.01.2012 19:45:00.000,1.30619,1.30622,1.30544,1.30544,1042.66
03.01.2012 19:50:00.000,1.30545,1.30554,1.30511,1.30519,679.79
03.01.2012 19:55:00.000,1.30519,1.30571,1.30511,1.30561,1204.07
03.01.2012 20:00:00.000,1.30562,1.30574,1.305,1.30519,1150.84
03.01.2012 20:05:00.000,1.30519,1.30547,1.30511,1.30536,735.26
03.01.2012 20:10:00.000,1.30537,1.30547,1.30533,1.30545,568.56
03.01.2012 20:15:00.000,1.30544,1.30618,1.30541,1.30613,775.34
03.01.2012 20:20:00.000,1.30618,1.30621,1.3053,1.30538,1122.51
03.01.2012 20:25:00.000,1.30538,1.30575,1.30538,1.30564,1065.93
03.01.2012 20:30:00.000,1.30564,1.30567,1.30523,1.30531,553.87
03.01.2012 20:35:00.000,1.30534,1.30536,1.30505,1.30522,740.2
03.01.2012 20:40:00.000,1.30521,1.30551,1.30504,1.3053,823.5
03.01.2012 20:45:00.000,1.3053,1.30565,1.3052,1.30559,675.76
03.01.2012 20:50:00.000,1.30559,1.3056,1.3054,1.30556,592.51
03.01.2012 20:55:00.000,1.30556,1.30562,1.30508,1.30537,766.03
03.01.2012 21:00:00.000,1.30535,1.30558,1.3052,1.30524,575.37
03.01.2012 21:05:00.000,1.30522,1.30528,1.30482,1.30482,491.91
03.01.2012 21:10:00.000,1.30482,1.30513,1.30479,1.30504,667.58
03.01.2012 21:15:00.000,1.30508,1.30519,1.305,1.30519,423.4
03.01.2012 21:20:00.000,1.30519,1.30519,1.30474,1.30474,602.82
03.01.2012 21:25:00.000,1.30476,1.30497,1.30459,1.30464,942.49
03.01.2012 21:30:00.000,1.30464,1.30512,1.30463,1.30502,688.65
03.01.2012 21:35:00.000,1.30502,1.3053,1.30498,1.30525,491.69
03.01.2012 21:40:00.000,1.30524,1.30524,1.30504,1.30504,332.96
03.01.2012 21:45:00.000,1.30504,1.30517,1.30478,1.30509,459.39
03.01.2012 21:50:00.000,1.30509,1.30517,1.30498,1.30511,373.26
03.01.2012 21:55:00.000,1.3051,1.3052,1.30489,1.30491,389.03
03.01.2012 22:00:00.000,1.30491,1.30573,1.30482,1.30542,171.04
03.01.2012 22:05:00.000,1.30538,1.30556,1.30515,1.30533,239.82
03.01.2012 22:10:00.000,1.30533,1.30548,1.3052,1.30529,132.44
03.01.2012 22:15:00.000,1.30528,1.30557,1.30528,1.3055,113.94
03.01.2012 22:20:00.000,1.3055,1.30569,1.30532,1.30559,362.56
03.01.2012 22:25:00.000,1.30559,1.30559,1.305,1.3051,554.5
03.01.2012 22:30:00.000,1.30511,1.30539,1.30503,1.30533,604.52
03.01.2012 22:35:00.000,1.3053,1.3054,1.30521,1.30528,258.35
03.01.2012 22:40:00.000,1.30528,1.30552,1.30528,1.30535,212.36
03.01.2012 22:45:00.000,1.30535,1.30538,1.3053,1.30536,138.79
03.01.2012 22:50:00.000,1.30535,1.30536,1.30525,1.30526,252.3
03.01.2012 22:55:00.000,1.30526,1.30528,1.30504,1.30509,322.71
03.01.2012 23:00:00.000,1.30509,1.30518,1.30502,1.30518,411.52
03.01.2012 23:05:00.000,1.30517,1.30518,1.30505,1.30514,234.68
03.01.2012 23:10:00.000,1.30515,1.30518,1.30502,1.30506,439.5
03.01.2012 23:15:00.000,1.30506,1.30508,1.30486,1.30497,472.91
03.01.2012 23:20:00.000,1.30497,1.30498,1.30482,1.30489,360.11
03.01.2012 23:25:00.000,1.30489,1.305,1.30474,1.3049,499.06
03.01.2012 23:30:00.000,1.3049,1.30523,1.30489,1.30522,571.05
03.01.2012 23:35:00.000,1.30522,1.30534,1.30518,1.30518,338.86
03.01.2012 23:40:00.000,1.30518,1.30542,1.30505,1.30527,433.26
03.01.2012 23:45:00.000,1.30527,1.30536,1.30512,1.3053,704.36
03.01.2012 23:50:00.000,1.3053,1.30531,1.30502,1.30503,391.29
03.01.2012 23:55:00.000,1.30502,1.30539,1.30502,1.30537,582.25
04.01.2012 00:00:00.000,1.30537,1.30557,1.30518,1.30553,621.03
04.01.2012 00:05:00.000,1.30553,1.30554,1.30512,1.30517,531.13
04.01.2012 00:10:00.000,1.30517,1.30541,1.30496,1.30505,635.29
04.01.2012 00:15:00.000,1.30506,1.30526,1.305,1.30512,648.28
04.01.2012 00:20:00.000,1.30511,1.30521,1.30485,1.30494,552.64
04.01.2012 00:25:00.000,1.30496,1.30499,1.30479,1.30489,543.98
04.01.2012 00:30:00.000,1.3049,1.30507,1.30485,1.30493,684.69
04.01.2012 00:35:00.000,1.30493,1.30497,1.30471,1.30485,496.41
04.01.2012 00:40:00.000,1.30485,1.3049,1.30467,1.30471,660.14
04.01.2012 00:45:00.000,1.30471,1.30482,1.3047,1.30478,601.37
04.01.2012 00:50:00.000,1.30478,1.3048,1.30452,1.30473,807.02
04.01.2012 00:55:00.000,1.30468,1.30501,1.30465,1.30475,952.6
04.01.2012 01:00:00.000,1.30471,1.3048,1.30453,1.30465,697.67
04.01.2012 01:05:00.000,1.30465,1.3049,1.30465,1.30487,737.72
04.01.2012 01:10:00.000,1.30487,1.3049,1.30479,1.30481,460.23
04.01.2012 01:15:00.000,1.30481,1.30493,1.30473,1.30479,536
04.01.2012 01:20:00.000,1.30478,1.30497,1.30477,1.30484,750.19
04.01.2012 01:25:00.000,1.30484,1.30484,1.30469,1.30469,328.09
04.01.2012 01:30:00.000,1.30466,1.30475,1.30461,1.30467,733.05
04.01.2012 01:35:00.000,1.30467,1.3048,1.30464,1.30473,651.34
04.01.2012 01:40:00.000,1.30473,1.30481,1.30466,1.30469,466.45
04.01.2012 01:45:00.000,1.30469,1.30479,1.30468,1.30473,442.49
04.01.2012 01:50:00.000,1.30477,1.30481,1.3047,1.30472,281.33
04.01.2012 01:55:00.000,1.30471,1.30474,1.30461,1.30467,297.45
04.01.2012 02:00:00.000,1.30467,1.30468,1.3046,1.30461,390.52
04.01.2012 02:05:00.000,1.30461,1.30472,1.30457,1.30467,469.35
04.01.2012 02:10:00.000,1.30467,1.30468,1.30451,1.30458,613.95
04.01.2012 02:15:00.000,1.30455,1.30472,1.30455,1.30465,588.01
04.01.2012 02:20:00.000,1.30465,1.30469,1.30454,1.30459,409.67
04.01.2012 02:25:00.000,1.30459,1.30465,1.30454,1.30458,409.58
04.01.2012 02:30:00.000,1.30455,1.30461,1.30338,1.30339,1042.52
04.01.2012 02:35:00.000,1.30339,1.30352,1.30286,1.30289,1060.84
04.01.2012 02:40:00.000,1.30292,1.30302,1.30247,1.3025,878.38
04.01.2012 02:45:00.000,1.3025,1.30305,1.30237,1.303,918.32
04.01.2012 02:50:00.000,1.30299,1.30305,1.30248,1.30264,697.49
04.01.2012 02:55:00.000,1.30264,1.30267,1.3025,1.30262,550.25
04.01.2012 03:00:00.000,1.30263,1.30271,1.3023,1.30241,743.3
04.01.2012 03:05:00.000,1.30245,1.30245,1.30225,1.30233,492.06
04.01.2012 03:10:00.000,1.30235,1.30262,1.30224,1.30262,500.2
04.01.2012 03:15:00.000,1.30262,1.3029,1.30255,1.30279,492.38
04.01.2012 03:20:00.000,1.3028,1.30316,1.3028,1.30312,753.11
04.01.2012 03:25:00.000,1.30311,1.30311,1.30289,1.3029,538.28
04.01.2012 03:30:00.000,1.30291,1.30313,1.30289,1.30311,453.37
04.01.2012 03:35:00.000,1.30311,1.30316,1.30307,1.30316,268.74
04.01.2012 03:40:00.000,1.30315,1.30329,1.30307,1.30321,343.66
04.01.2012 03:45:00.000,1.30321,1.3033,1.30313,1.30316,289.98
04.01.2012 03:50:00.000,1.30316,1.30343,1.30314,1.30342,661.08
04.01.2012 03:55:00.000,1.30344,1.30381,1.30336,1.30366,748.99
04.01.2012 04:00:00.000,1.30366,1.30409,1.30365,1.30379,681.84
04.01.2012 04:05:00.000,1.30379,1.30382,1.30366,1.30379,331.98
04.01.2012 04:10:00.000,1.30379,1.30382,1.30357,1.30357,490.26
04.01.2012 04:15:00.000,1.30357,1.30357,1.30332,1.30332,473.11
04.01.2012 04:20:00.000,1.30332,1.30339,1.30317,1.30326,509.49
04.01.2012 04:25:00.000,1.30326,1.30353,1.30326,1.30343,697.74
04.01.2012 04:30:00.000,1.30341,1.30351,1.30319,1.30343,531.75
04.01.2012 04:35:00.000,1.30342,1.30366,1.30339,1.30365,446.26
04.01.2012 04:40:00.000,1.30367,1.30372,1.30362,1.30366,178.29
04.01.2012 04:45:00.000,1.30365,1.30379,1.30359,1.30373,361.32
04.01.2012 04:50:00.000,1.30373,1.30374,1.30364,1.30364,413.36
04.01.2012 04:55:00.000,1.30366,1.30372,1.30355,1.30358,178.52
04.01.2012 05:00:00.000,1.30358,1.30359,1.30331,1.30334,341.02
04.01.2012 05:05:00.000,1.30334,1.30339,1.30331,1.30337,316.71
04.01.2012 05:10:00.000,1.30337,1.30349,1.30335,1.30342,407.53
04.01.2012 05:15:00.000,1.30343,1.30343,1.30334,1.30337,226.02
04.01.2012 05:20:00.000,1.30337,1.30339,1.30329,1.30329,359.35
04.01.2012 05:25:00.000,1.30328,1.30331,1.30319,1.30323,406.15
04.01.2012 05:30:00.000,1.30326,1.30328,1.30314,1.30318,533.3
04.01.2012 05:35:00.000,1.30318,1.30319,1.30271,1.30277,472.07
04.01.2012 05:40:00.000,1.30277,1.30281,1.30265,1.3027,526.03
04.01.2012 05:45:00.000,1.3027,1.30286,1.30266,1.30285,373.61
04.01.2012 05:50:00.000,1.30285,1.30314,1.30279,1.30314,390.04
04.01.2012 05:55:00.000,1.30312,1.30343,1.30287,1.30342,663.76
04.01.2012 06:00:00.000,1.30342,1.30346,1.30309,1.3033,958.65
04.01.2012 06:05:00.000,1.30332,1.30345,1.3031,1.30313,804.53
04.01.2012 06:10:00.000,1.30313,1.30327,1.30286,1.30286,598.77
04.01.2012 06:15:00.000,1.30286,1.3031,1.30286,1.30292,552.55
04.01.2012 06:20:00.000,1.30293,1.30322,1.30293,1.303,481.8
04.01.2012 06:25:00.000,1.303,1.30326,1.30286,1.30322,528.55
04.01.2012 06:30:00.000,1.30322,1.30366,1.30314,1.30347,746.31
04.01.2012 06:35:00.000,1.30347,1.30386,1.30347,1.30376,654.72
04.01.2012 06:40:00.000,1.30377,1.30432,1.30375,1.30404,932.72
04.01.2012 06:45:00.000,1.30401,1.30403,1.30366,1.30378,580.82
04.01.2012 06:50:00.000,1.30379,1.30395,1.30378,1.30386,476.71
04.01.2012 06:55:00.000,1.30386,1.30423,1.30367,1.30421,721.44
04.01.2012 07:00:00.000,1.30421,1.30424,1.30375,1.30383,801.46
04.01.2012 07:05:00.000,1.30381,1.30412,1.3037,1.30406,723.04
04.01.2012 07:10:00.000,1.30406,1.30448,1.30403,1.30423,1032.43
04.01.2012 07:15:00.000,1.30422,1.30422,1.30348,1.30348,1283.18
04.01.2012 07:20:00.000,1.30348,1.30399,1.30326,1.3037,1161.33
04.01.2012 07:25:00.000,1.3037,1.3037,1.30316,1.30318,840.29
04.01.2012 07:30:00.000,1.30319,1.30335,1.30283,1.30328,1272.84
04.01.2012 07:35:00.000,1.30328,1.30359,1.30315,1.30341,996.3
04.01.2012 07:40:00.000,1.30342,1.30378,1.3033,1.30375,829.68
04.01.2012 07:45:00.000,1.30375,1.30438,1.30375,1.30426,1134.49
04.01.2012 07:50:00.000,1.30427,1.30431,1.30387,1.30393,966.54
04.01.2012 07:55:00.000,1.30393,1.30407,1.30353,1.30405,1080.73
04.01.2012 08:00:00.000,1.30405,1.30631,1.30405,1.30604,1863.33
04.01.2012 08:05:00.000,1.30602,1.3068,1.30589,1.30639,1701.84
04.01.2012 08:10:00.000,1.3064,1.30708,1.30598,1.307,1836.81
04.01.2012 08:15:00.000,1.30699,1.30726,1.30631,1.30647,1612.63
04.01.2012 08:20:00.000,1.30647,1.30663,1.306,1.30611,1078.24
04.01.2012 08:25:00.000,1.3061,1.30634,1.30582,1.30613,1332.48
04.01.2012 08:30:00.000,1.30612,1.3063,1.30536,1.30548,1469.03
04.01.2012 08:35:00.000,1.30546,1.30574,1.30525,1.3055,1189.07
04.01.2012 08:40:00.000,1.30552,1.30552,1.30471,1.30522,1486.81
04.01.2012 08:45:00.000,1.30523,1.30523,1.30482,1.30497,1202.56
04.01.2012 08:50:00.000,1.30497,1.30507,1.30448,1.30455,1147.52
04.01.2012 08:55:00.000,1.30455,1.30455,1.30311,1.30369,1776.11
04.01.2012 09:00:00.000,1.30368,1.30374,1.30264,1.30292,1683.74
04.01.2012 09:05:00.000,1.30292,1.30359,1.30291,1.30345,1333.92
04.01.2012 09:10:00.000,1.30345,1.30401,1.30342,1.30383,1291.04
04.01.2012 09:15:00.000,1.30383,1.30392,1.30356,1.30356,1190.29
04.01.2012 09:20:00.000,1.30356,1.30376,1.30292,1.30299,1154.16
04.01.2012 09:25:00.000,1.30298,1.30382,1.30297,1.30382,1254.47
04.01.2012 09:30:00.000,1.30382,1.3046,1.30378,1.30451,1168.6
04.01.2012 09:35:00.000,1.30449,1.30458,1.3041,1.30439,1192.58
04.01.2012 09:40:00.000,1.30439,1.30522,1.30429,1.30492,1280.03
04.01.2012 09:45:00.000,1.30492,1.30525,1.30457,1.30471,1202.21
04.01.2012 09:50:00.000,1.30471,1.30473,1.30412,1.30418,1006.29
04.01.2012 09:55:00.000,1.30419,1.3042,1.30357,1.30385,1054.99
04.01.2012 10:00:00.000,1.30385,1.3046,1.30354,1.30455,1291.85
04.01.2012 10:05:00.000,1.30454,1.30502,1.30414,1.30414,1410.95
04.01.2012 10:10:00.000,1.30414,1.30414,1.30325,1.30337,1444.81
04.01.2012 10:15:00.000,1.30337,1.30351,1.30301,1.30351,1204.29
04.01.2012 10:20:00.000,1.30348,1.3043,1.30344,1.30402,1724.03
04.01.2012 10:25:00.000,1.30401,1.30401,1.30297,1.30313,1188.24
04.01.2012 10:30:00.000,1.30313,1.30362,1.30284,1.30291,1503.33
04.01.2012 10:35:00.000,1.3029,1.3037,1.30268,1.30322,1742.3
04.01.2012 10:40:00.000,1.30319,1.30387,1.30295,1.303,1209.64
04.01.2012 10:45:00.000,1.30299,1.30308,1.30149,1.30149,1583.66
04.01.2012 10:50:00.000,1.30153,1.30171,1.30099,1.30123,1887.85
04.01.2012 10:55:00.000,1.30124,1.30163,1.30048,1.30137,1671.87
04.01.2012 11:00:00.000,1.30136,1.30177,1.30131,1.30148,1420.76
04.01.2012 11:05:00.000,1.30147,1.30176,1.30111,1.30163,1262.86
04.01.2012 11:10:00.000,1.30161,1.30176,1.30097,1.30129,1053.89
04.01.2012 11:15:00.000,1.30128,1.30142,1.30011,1.30043,1522.08
04.01.2012 11:20:00.000,1.30044,1.30065,1.29945,1.29946,1696.6
04.01.2012 11:25:00.000,1.29944,1.29944,1.29794,1.29806,1976.56
04.01.2012 11:30:00.000,1.29804,1.29847,1.2977,1.29797,1893.9
04.01.2012 11:35:00.000,1.29794,1.29828,1.2976,1.29816,1577.21
04.01.2012 11:40:00.000,1.29814,1.29849,1.29809,1.29814,1388.3
04.01.2012 11:45:00.000,1.29814,1.29861,1.29794,1.29838,1507.31
04.01.2012 11:50:00.000,1.29838,1.29896,1.29831,1.29868,1388.1
04.01.2012 11:55:00.000,1.29868,1.29875,1.29775,1.29776,1337.13
04.01.2012 12:00:00.000,1.29778,1.29813,1.29704,1.29805,1625.02
04.01.2012 12:05:00.000,1.29804,1.29857,1.29792,1.29834,1284.85
04.01.2012 12:10:00.000,1.29833,1.29921,1.29827,1.29903,1148.43
04.01.2012 12:15:00.000,1.29903,1.29912,1.29861,1.29883,1065.83
04.01.2012 12:20:00.000,1.29883,1.29922,1.29881,1.29893,1250.79
04.01.2012 12:25:00.000,1.29895,1.2994,1.2989,1.29932,1119.02
04.01.2012 12:30:00.000,1.29933,1.2995,1.29834,1.29843,1382.41
04.01.2012 12:35:00.000,1.29844,1.29854,1.29822,1.29836,1115.77
04.01.2012 12:40:00.000,1.29835,1.29839,1.29746,1.29839,1817.57
04.01.2012 12:45:00.000,1.29839,1.29841,1.29765,1.29765,1477.4
04.01.2012 12:50:00.000,1.29764,1.29833,1.29754,1.29811,1238.99
04.01.2012 12:55:00.000,1.29811,1.29815,1.29733,1.29758,1194.03
04.01.2012 13:00:00.000,1.29758,1.29758,1.29619,1.29635,1713.85
04.01.2012 13:05:00.000,1.29635,1.29636,1.29487,1.29498,1849.48
04.01.2012 13:10:00.000,1.295,1.29537,1.2945,1.29501,1626.31
04.01.2012 13:15:00.000,1.29503,1.29567,1.29481,1.29548,1642.64
04.01.2012 13:20:00.000,1.29548,1.29592,1.29501,1.2957,1287.99
04.01.2012 13:25:00.000,1.29569,1.2959,1.2954,1.29553,1493.63
04.01.2012 13:30:00.000,1.29553,1.29644,1.29546,1.29619,1665.97
04.01.2012 13:35:00.000,1.29619,1.29619,1.29546,1.29592,1492.53
04.01.2012 13:40:00.000,1.29592,1.29615,1.29575,1.29596,1301.31
04.01.2012 13:45:00.000,1.29593,1.29643,1.29555,1.2956,1366.15
04.01.2012 13:50:00.000,1.29563,1.29569,1.29474,1.2949,1706.95
04.01.2012 13:55:00.000,1.2949,1.29493,1.2932,1.29344,1848.88
04.01.2012 14:00:00.000,1.29344,1.29442,1.29327,1.29418,1660.71
04.01.2012 14:05:00.000,1.29417,1.29417,1.29336,1.29387,1600.72
04.01.2012 14:10:00.000,1.29385,1.29404,1.29362,1.29389,1219.23
04.01.2012 14:15:00.000,1.29389,1.29466,1.29389,1.29418,1459
04.01.2012 14:20:00.000,1.29417,1.29475,1.29412,1.29429,1377.2
04.01.2012 14:25:00.000,1.29431,1.29466,1.29415,1.29463,1311.42
04.01.2012 14:30:00.000,1.29463,1.29517,1.29454,1.29511,1686.05
04.01.2012 14:35:00.000,1.29511,1.29549,1.29465,1.29539,1599.21
04.01.2012 14:40:00.000,1.29537,1.29554,1.29504,1.29554,1686.18
04.01.2012 14:45:00.000,1.29556,1.29571,1.29521,1.29548,1676.69
04.01.2012 14:50:00.000,1.29548,1.29549,1.29442,1.2952,1577.71
04.01.2012 14:55:00.000,1.2952,1.29609,1.29519,1.2957,1677.38
04.01.2012 15:00:00.000,1.29573,1.29583,1.2948,1.29482,1630.34
04.01.2012 15:05:00.000,1.29481,1.29494,1.29451,1.29465,1578.24
04.01.2012 15:10:00.000,1.29465,1.29465,1.29369,1.29381,1673.07
04.01.2012 15:15:00.000,1.29381,1.29384,1.29215,1.2926,2065.43
04.01.2012 15:20:00.000,1.2926,1.29309,1.29232,1.29303,1569.2
04.01.2012 15:25:00.000,1.29303,1.29336,1.29178,1.29183,1765.61
04.01.2012 15:30:00.000,1.29181,1.29184,1.29055,1.29148,2018.2
04.01.2012 15:35:00.000,1.29148,1.29149,1.28994,1.29019,2306.37
04.01.2012 15:40:00.000,1.29018,1.29097,1.28998,1.29074,1760.3
04.01.2012 15:45:00.000,1.29075,1.29168,1.29075,1.29168,1889.15
04.01.2012 15:50:00.000,1.29166,1.29166,1.29118,1.29145,1516.05
04.01.2012 15:55:00.000,1.29145,1.29183,1.29072,1.29093,2008.31
04.01.2012 16:00:00.000,1.29093,1.29187,1.29075,1.29168,1828.54
04.01.2012 16:05:00.000,1.2917,1.29186,1.29137,1.29182,1347.31
04.01.2012 16:10:00.000,1.29182,1.29234,1.29159,1.29219,1512.76
04.01.2012 16:15:00.000,1.29219,1.29282,1.29218,1.29247,1438.87
04.01.2012 16:20:00.000,1.29248,1.29286,1.2923,1.29236,1293.58
04.01.2012 16:25:00.000,1.29236,1.29285,1.29236,1.29283,1133.97
04.01.2012 16:30:00.000,1.29281,1.293,1.29266,1.29269,1118.9
04.01.2012 16:35:00.000,1.29269,1.29301,1.29227,1.29287,1215.61
04.01.2012 16:40:00.000,1.29287,1.29359,1.29273,1.29354,1391.22
04.01.2012 16:45:00.000,1.29354,1.29354,1.29306,1.29314,1241.09
04.01.2012 16:50:00.000,1.29314,1.29347,1.29308,1.29321,924.33
04.01.2012 16:55:00.000,1.2932,1.29331,1.29287,1.29296,1151.43
04.01.2012 17:00:00.000,1.29296,1.29333,1.29279,1.2933,921.68
04.01.2012 17:05:00.000,1.2933,1.29404,1.29318,1.29377,1133.94
04.01.2012 17:10:00.000,1.29379,1.29392,1.29351,1.29355,910.33
04.01.2012 17:15:00.000,1.29355,1.29372,1.29348,1.29348,734.12
04.01.2012 17:20:00.000,1.29348,1.29363,1.29316,1.29333,887.63
04.01.2012 17:25:00.000,1.29333,1.29363,1.29333,1.2935,664.95
04.01.2012 17:30:00.000,1.29353,1.29374,1.29329,1.29351,878.8
04.01.2012 17:35:00.000,1.29351,1.2936,1.29343,1.29351,714.85
04.01.2012 17:40:00.000,1.29353,1.29361,1.29345,1.29359,661.7
04.01.2012 17:45:00.000,1.29359,1.29455,1.29359,1.29449,1081.5
04.01.2012 17:50:00.000,1.29449,1.29503,1.2944,1.29483,879.55
04.01.2012 17:55:00.000,1.29483,1.29547,1.29477,1.29544,1240.37
04.01.2012 18:00:00.000,1.29544,1.29544,1.29436,1.29449,1257.55
04.01.2012 18:05:00.000,1.2945,1.2945,1.29412,1.29419,929.98
04.01.2012 18:10:00.000,1.29418,1.29434,1.29404,1.29416,791.37
04.01.2012 18:15:00.000,1.29421,1.29437,1.29419,1.29426,698.09
04.01.2012 18:20:00.000,1.29428,1.29461,1.29419,1.29449,681.75
04.01.2012 18:25:00.000,1.29449,1.29461,1.29438,1.29448,789.69
04.01.2012 18:30:00.000,1.29448,1.29468,1.29448,1.2945,611.27
04.01.2012 18:35:00.000,1.2945,1.29479,1.2945,1.2947,773.08
04.01.2012 18:40:00.000,1.2947,1.29519,1.29457,1.29514,830.58
04.01.2012 18:45:00.000,1.29514,1.29523,1.29468,1.29515,827.26
04.01.2012 18:50:00.000,1.29518,1.2952,1.29471,1.295,898.55
04.01.2012 18:55:00.000,1.29499,1.29511,1.29455,1.29461,1032.84
04.01.2012 19:00:00.000,1.29461,1.29469,1.2942,1.2942,861.91
04.01.2012 19:05:00.000,1.29419,1.29423,1.29395,1.29412,914.31
04.01.2012 19:10:00.000,1.29412,1.29432,1.29398,1.29403,837.34
04.01.2012 19:15:00.000,1.29403,1.29457,1.29392,1.2945,707.02
04.01.2012 19:20:00.000,1.2945,1.2946,1.29416,1.29442,881.25
04.01.2012 19:25:00.000,1.29445,1.29461,1.29395,1.29404,897.21
04.01.2012 19:30:00.000,1.29404,1.29432,1.29404,1.29425,735.07
04.01.2012 19:35:00.000,1.29428,1.29428,1.29395,1.29397,710.19
04.01.2012 19:40:00.000,1.29398,1.29416,1.29397,1.29412,430.96
04.01.2012 19:45:00.000,1.29412,1.29441,1.2938,1.29397,737.92
04.01.2012 19:50:00.000,1.29397,1.29409,1.29394,1.29399,829.27
04.01.2012 19:55:00.000,1.29399,1.29403,1.29351,1.29364,986.8
04.01.2012 20:00:00.000,1.29365,1.2939,1.2934,1.29346,1030.09
04.01.2012 20:05:00.000,1.29346,1.2937,1.29346,1.29358,651.86
04.01.2012 20:10:00.000,1.29359,1.29391,1.29356,1.29371,592.89
04.01.2012 20:15:00.000,1.29368,1.29376,1.29351,1.29363,608.32
04.01.2012 20:20:00.000,1.29363,1.29369,1.29349,1.29349,605.04
04.01.2012 20:25:00.000,1.29349,1.29364,1.29349,1.29363,412.13
04.01.2012 20:30:00.000,1.29363,1.2938,1.29363,1.29375,586.19
04.01.2012 20:35:00.000,1.29373,1.29393,1.29366,1.2939,626.86
04.01.2012 20:40:00.000,1.29392,1.29479,1.29389,1.29468,1341.29
04.01.2012 20:45:00.000,1.29468,1.29468,1.29397,1.29413,908.16
04.01.2012 20:50:00.000,1.29413,1.29486,1.29411,1.29459,556.9
04.01.2012 20:55:00.000,1.29457,1.29461,1.29439,1.29451,503.26
04.01.2012 21:00:00.000,1.29452,1.29459,1.29407,1.29417,357.01
04.01.2012 21:05:00.000,1.2942,1.29425,1.29411,1.29417,483.43
04.01.2012 21:10:00.000,1.29418,1.29425,1.29384,1.29391,468.38
04.01.2012 21:15:00.000,1.29391,1.29416,1.29378,1.29407,576.87
04.01.2012 21:20:00.000,1.29407,1.29423,1.29402,1.29417,322.71
04.01.2012 21:25:00.000,1.29417,1.29428,1.29413,1.29428,348.71
04.01.2012 21:30:00.000,1.29428,1.29433,1.29419,1.29423,361.21
04.01.2012 21:35:00.000,1.29423,1.29425,1.29397,1.29405,371.41
04.01.2012 21:40:00.000,1.29406,1.29443,1.29396,1.29434,444.98
04.01.2012 21:45:00.000,1.29434,1.29455,1.29425,1.29441,518.16
04.01.2012 21:50:00.000,1.2944,1.29461,1.29428,1.29438,399.86
04.01.2012 21:55:00.000,1.29439,1.29462,1.29423,1.29425,821.13
04.01.2012 22:00:00.000,1.29423,1.29423,1.2939,1.29397,200.81
04.01.2012 22:05:00.000,1.29397,1.29412,1.29384,1.29412,161.77
04.01.2012 22:10:00.000,1.29412,1.29444,1.29409,1.29441,160.57
04.01.2012 22:15:00.000,1.29439,1.29448,1.29417,1.29419,134.25
04.01.2012 22:20:00.000,1.2942,1.29421,1.294,1.29416,358.75
04.01.2012 22:25:00.000,1.29417,1.29441,1.29392,1.29396,441.16
04.01.2012 22:30:00.000,1.29396,1.29418,1.29357,1.2941,569.26
04.01.2012 22:35:00.000,1.2941,1.29411,1.29388,1.29388,301.12
04.01.2012 22:40:00.000,1.29388,1.29393,1.29354,1.2938,332.67
04.01.2012 22:45:00.000,1.29379,1.29395,1.2934,1.29361,472.12
04.01.2012 22:50:00.000,1.29368,1.29386,1.29359,1.29365,447.27
04.01.2012 22:55:00.000,1.29367,1.29372,1.29344,1.2936,427.72
04.01.2012 23:00:00.000,1.29366,1.29392,1.29355,1.29356,556.72
04.01.2012 23:05:00.000,1.29358,1.2936,1.29342,1.29344,471.93
04.01.2012 23:10:00.000,1.29345,1.29379,1.29344,1.29378,303.86
04.01.2012 23:15:00.000,1.29376,1.2938,1.29366,1.2937,339.75
04.01.2012 23:20:00.000,1.2937,1.29374,1.29363,1.29366,272.54
04.01.2012 23:25:00.000,1.29367,1.29399,1.29359,1.29384,425.5
04.01.2012 23:30:00.000,1.29383,1.29383,1.2936,1.29373,211.62
04.01.2012 23:35:00.000,1.29373,1.29393,1.29365,1.29392,395.77
04.01.2012 23:40:00.000,1.2939,1.29401,1.29357,1.29364,389.08
04.01.2012 23:45:00.000,1.29364,1.29396,1.29353,1.29395,372.52
04.01.2012 23:50:00.000,1.29395,1.29399,1.29313,1.29324,617.42
04.01.2012 23:55:00.000,1.29324,1.29332,1.29288,1.29304,504.5
05.01.2012 00:00:00.000,1.29302,1.2933,1.29288,1.29327,848.87
05.01.2012 00:05:00.000,1.29328,1.29334,1.29309,1.29318,853.52
05.01.2012 00:10:00.000,1.29318,1.29327,1.29292,1.29316,883.72
05.01.2012 00:15:00.000,1.29316,1.29367,1.29309,1.29367,861.39
05.01.2012 00:20:00.000,1.29367,1.2939,1.29352,1.29353,760.01
05.01.2012 00:25:00.000,1.29352,1.29385,1.29351,1.29367,856.39
05.01.2012 00:30:00.000,1.29369,1.29392,1.29338,1.29365,976.26
05.01.2012 00:35:00.000,1.29365,1.29399,1.29363,1.29391,643.24
05.01.2012 00:40:00.000,1.2939,1.29402,1.29378,1.29386,495.78
05.01.2012 00:45:00.000,1.29386,1.294,1.29362,1.29399,741.84
05.01.2012 00:50:00.000,1.29399,1.29399,1.29341,1.29341,661.44
05.01.2012 00:55:00.000,1.2934,1.29367,1.29302,1.29328,1061.48
05.01.2012 01:00:00.000,1.29328,1.29366,1.29319,1.29358,677.93
05.01.2012 01:05:00.000,1.29358,1.29359,1.29324,1.29334,679.36
05.01.2012 01:10:00.000,1.29334,1.29365,1.29315,1.29329,726.97
05.01.2012 01:15:00.000,1.29328,1.29328,1.29237,1.29247,925.39
05.01.2012 01:20:00.000,1.2925,1.2925,1.29129,1.29152,1264.65
05.01.2012 01:25:00.000,1.29152,1.29223,1.2915,1.29198,1002.33
05.01.2012 01:30:00.000,1.29198,1.29232,1.29167,1.29223,731.52
05.01.2012 01:35:00.000,1.29223,1.29251,1.29205,1.29213,810.71
05.01.2012 01:40:00.000,1.29216,1.2922,1.29179,1.29198,654.27
05.01.2012 01:45:00.000,1.29198,1.29204,1.29171,1.29204,467.58
05.01.2012 01:50:00.000,1.29204,1.29234,1.29203,1.29234,488.33
05.01.2012 01:55:00.000,1.29234,1.29237,1.29207,1.29225,427.95
05.01.2012 02:00:00.000,1.29225,1.29231,1.29201,1.29229,758.49
05.01.2012 02:05:00.000,1.29229,1.29241,1.29211,1.29228,722.06
05.01.2012 02:10:00.000,1.29228,1.2924,1.29212,1.29224,511.78
05.01.2012 02:15:00.000,1.29224,1.29249,1.29224,1.29244,488.2
05.01.2012 02:20:00.000,1.29244,1.29293,1.29236,1.2929,547.82
05.01.2012 02:25:00.000,1.2929,1.29301,1.29243,1.29243,638.64
05.01.2012 02:30:00.000,1.29243,1.29256,1.29241,1.29244,493.47
05.01.2012 02:35:00.000,1.29245,1.29257,1.29228,1.29228,859.9
05.01.2012 02:40:00.000,1.29224,1.29235,1.29212,1.2922,605.82
05.01.2012 02:45:00.000,1.29221,1.29257,1.29221,1.29254,598.68
05.01.2012 02:50:00.000,1.29251,1.29268,1.29231,1.29262,651.8
05.01.2012 02:55:00.000,1.29262,1.29341,1.29262,1.29307,925.59
05.01.2012 03:00:00.000,1.29303,1.29316,1.29283,1.29293,810.46
05.01.2012 03:05:00.000,1.29295,1.29295,1.29265,1.29267,590.23
05.01.2012 03:10:00.000,1.29267,1.29288,1.29256,1.29259,646.05
05.01.2012 03:15:00.000,1.29259,1.29276,1.29259,1.29261,466.64
05.01.2012 03:20:00.000,1.29261,1.29267,1.29235,1.29249,649.37
05.01.2012 03:25:00.000,1.29249,1.29274,1.2924,1.29271,488.72
05.01.2012 03:30:00.000,1.29271,1.29298,1.29241,1.29298,811.23
05.01.2012 03:35:00.000,1.29296,1.29303,1.29272,1.29295,744.13
05.01.2012 03:40:00.000,1.29295,1.29306,1.29272,1.29302,696.25
05.01.2012 03:45:00.000,1.29302,1.29308,1.29287,1.293,564.95
05.01.2012 03:50:00.000,1.293,1.29313,1.29287,1.29296,489.45
05.01.2012 03:55:00.000,1.29296,1.29297,1.29273,1.29281,375.48
05.01.2012 04:00:00.000,1.29281,1.29293,1.29267,1.29282,714.45
05.01.2012 04:05:00.000,1.29279,1.2929,1.29261,1.2928,568.93
05.01.2012 04:10:00.000,1.2928,1.29302,1.29275,1.29298,332.63
05.01.2012 04:15:00.000,1.29298,1.29318,1.29291,1.29302,526.2
05.01.2012 04:20:00.000,1.29302,1.29313,1.29297,1.29306,516.54
05.01.2012 04:25:00.000,1.29306,1.29311,1.29301,1.29303,238.03
05.01.2012 04:30:00.000,1.29303,1.29307,1.29268,1.29299,601.65
05.01.2012 04:35:00.000,1.29299,1.29305,1.29284,1.29285,319.43
05.01.2012 04:40:00.000,1.29282,1.29292,1.29264,1.29276,622.89
05.01.2012 04:45:00.000,1.29276,1.29283,1.29258,1.29263,636.23
05.01.2012 04:50:00.000,1.29263,1.29263,1.29248,1.29263,487.65
05.01.2012 04:55:00.000,1.29262,1.29266,1.29231,1.29235,666.84
05.01.2012 05:00:00.000,1.29235,1.29243,1.29221,1.29227,886.44
05.01.2012 05:05:00.000,1.29226,1.29237,1.29221,1.29225,402.92
05.01.2012 05:10:00.000,1.29225,1.29225,1.292,1.29203,716.22
05.01.2012 05:15:00.000,1.29201,1.29218,1.29192,1.29218,761.92
05.01.2012 05:20:00.000,1.29218,1.2923,1.29198,1.29205,545.42
05.01.2012 05:25:00.000,1.29205,1.29216,1.29202,1.29203,434.92
05.01.2012 05:30:00.000,1.29203,1.29211,1.29167,1.29177,825.48
05.01.2012 05:35:00.000,1.29177,1.29203,1.29173,1.29203,684.06
05.01.2012 05:40:00.000,1.29203,1.2921,1.29194,1.29205,625.06
05.01.2012 05:45:00.000,1.29203,1.29245,1.29202,1.29211,639.08
05.01.2012 05:50:00.000,1.29212,1.29236,1.29198,1.29219,826.92
05.01.2012 05:55:00.000,1.29219,1.2922,1.29152,1.2916,677.75
05.01.2012 06:00:00.000,1.29157,1.29173,1.29112,1.2914,1156.2
05.01.2012 06:05:00.000,1.2914,1.29152,1.29133,1.2914,797.11
05.01.2012 06:10:00.000,1.29141,1.29169,1.29141,1.29158,843.23
05.01.2012 06:15:00.000,1.29161,1.29184,1.29156,1.29179,631.97
05.01.2012 06:20:00.000,1.2918,1.29215,1.29178,1.29212,863.54
05.01.2012 06:25:00.000,1.29211,1.29213,1.29173,1.29177,610.55
05.01.2012 06:30:00.000,1.29177,1.29188,1.29126,1.29128,973.77
05.01.2012 06:35:00.000,1.29128,1.29148,1.29117,1.29117,776.63
05.01.2012 06:40:00.000,1.29117,1.29154,1.291,1.29141,922.53
05.01.2012 06:45:00.000,1.29141,1.29171,1.29133,1.2915,767.57
05.01.2012 06:50:00.000,1.2915,1.29178,1.29142,1.29167,693.98
05.01.2012 06:55:00.000,1.29167,1.29205,1.29158,1.29187,857.8
05.01.2012 07:00:00.000,1.29188,1.29191,1.29117,1.29184,1384.58
05.01.2012 07:05:00.000,1.29181,1.29236,1.29157,1.2923,1027.44
05.01.2012 07:10:00.000,1.29232,1.29282,1.29228,1.29245,1057.72
05.01.2012 07:15:00.000,1.29247,1.29267,1.29233,1.29254,1027.73
05.01.2012 07:20:00.000,1.29253,1.29262,1.29192,1.29209,1084.68
05.01.2012 07:25:00.000,1.29209,1.29228,1.29192,1.29201,918.76
05.01.2012 07:30:00.000,1.292,1.292,1.29127,1.29141,1222.75
05.01.2012 07:35:00.000,1.2914,1.29219,1.29136,1.2921,1412.83
05.01.2012 07:40:00.000,1.29209,1.29233,1.29178,1.29233,1198.95
05.01.2012 07:45:00.000,1.29233,1.29233,1.29173,1.29219,1380.2
05.01.2012 07:50:00.000,1.29217,1.29374,1.29206,1.29372,1882.52
05.01.2012 07:55:00.000,1.29369,1.2938,1.29331,1.29338,1442.12
05.01.2012 08:00:00.000,1.29338,1.29419,1.29338,1.29389,1752.57
05.01.2012 08:05:00.000,1.29392,1.29434,1.29342,1.29344,1660.01
05.01.2012 08:10:00.000,1.29344,1.29346,1.29275,1.29299,1542.13
05.01.2012 08:15:00.000,1.29302,1.29357,1.29289,1.29332,1392.85
05.01.2012 08:20:00.000,1.29332,1.29367,1.29256,1.29256,1435.89
05.01.2012 08:25:00.000,1.29254,1.29285,1.29133,1.29145,1677.17
05.01.2012 08:30:00.000,1.29144,1.29149,1.2907,1.29117,1917.03
05.01.2012 08:35:00.000,1.29118,1.2914,1.2909,1.29107,1652.98
05.01.2012 08:40:00.000,1.29108,1.2913,1.29058,1.29067,2058.7
05.01.2012 08:45:00.000,1.29067,1.29071,1.28847,1.28884,2172.83
05.01.2012 08:50:00.000,1.28885,1.28888,1.28632,1.28657,2359.07
05.01.2012 08:55:00.000,1.28656,1.28734,1.28554,1.2869,2272.33
05.01.2012 09:00:00.000,1.2869,1.28777,1.28679,1.2876,1970.55
05.01.2012 09:05:00.000,1.28763,1.28826,1.28683,1.28686,1803.95
05.01.2012 09:10:00.000,1.28687,1.28728,1.28647,1.28707,1629.1
05.01.2012 09:15:00.000,1.28705,1.28715,1.28618,1.28696,1833.51
